customer_name,city,country,customer_id
Prathiksha Almeida,Unnao,India,1
Malik Harris,Lasalle,Canada,2
Herbert Hoffman,Bunbury,Australia,3
Mónica Fuentes,Gijón,Spain,4
Hotyan Babichenko,Novograd-Volinskiy,Ukraine,5
Umut Akgül,Zonguldak,Turkey,6
Amber Williams,Hastings,New Zealand,7
Erika Lukiyanovich,Shepetivka,Ukraine,8
Alexander Bergeron,Radisson,Canada,9
Mimouna Tabak,Terheijden,Netherlands,10
Marenthe Feller,Vlierden,Netherlands,11
Enrique Williamson,Sydney,Australia,12
عباس محمدخان,گرگان,Iran,13
Batur Özkara,Nevşehir,Turkey,14
Adaja Van der Kruit,Een-West,Netherlands,15
Prajna Salian,Ghaziabad,India,16
Flavio Tejada,Santa Rita,Mexico,17
Marcus Pedersen,Lintrup,Denmark,18
Dave Romero,Armagh,United Kingdom,19
Brian Obrien,Nenagh,Ireland,20
Zoé Martínez,La Reforma,Mexico,21
ثنا جعفری,سبزوار,Iran,22
Nihal Çetin,Ordu,Turkey,23
Viti Banerjee,Kishanganj,India,24
Ross Hale,Rockhampton,Australia,25
Dobroslav Simić,Novi Sad,Serbia,26
Ryan Roberts,Lewiston,United States,27
Diego Røyrvik,Råholt,Norway,28
Mihailo Lučić,Ivanjica,Serbia,29
Milton Ellis,Huntington Beach,United States,30
Varsha Gatty,Guntakal,India,31
Atharv Kumar,Jalgaon,India,32
Huibert Gilsing,Beek Lb,Netherlands,33
Ayten Horst,Rottenburg A.D.Laaber,Germany,34
Jana Adam,Kaisten,Switzerland,35
Diana Montgomery,Rockhampton,Australia,36
Cory Jacobs,Richardson,United States,37
عرشيا سالاری,نجف‌آباد,Iran,38
Dominic Abraham,Woodstock,Canada,39
Johannes Thomas,La Tour-de-Peilz,Switzerland,40
Branco Mes,Heerewaarden,Netherlands,41
Bojana Mladenović,Bogatić,Serbia,42
Lia Leclerc,Boulogne-Billancourt,France,43
Leo Wiitala,Kustavi,Finland,44
Lidija Uzelac,Požega,Serbia,45
Armando Solís,Cruz Quemada,Mexico,46
Flavie Martinez,Grenoble,France,47
Zlata Timchenko,Pustomiti,Ukraine,48
Svyatogor Kuhar,Komarno,Ukraine,49
Christina Thomas,Geelong,Australia,50
Koray Karaböcek,Tokat,Turkey,51
Andy Pape,Balve,Germany,52
علی رضا موسوی,ورامین,Iran,53
Aleksije Srejović,Malo Crniće,Serbia,54
Bertram Sørensen,Sørvad,Denmark,55
Gregor Morel,Hendschiken,Switzerland,56
Vincent Clark,Skerries,Ireland,57
Jacob Ehret,Glashütte,Germany,58
Matt Cunningham,Mountmellick,Ireland,59
Gema Vidal,Torrente,Spain,60
Joanne Reynolds,Tucson,United States,61
Otto Lampinen,Vörå,Finland,62
Esteban Domínguez,Elche,Spain,63
Coline Caron,Paris,France,64
Anne Cooper,Sunshine Coast,Australia,65
Isolde Ochs,Neustadt-Glewe,Germany,66
Ida Hartveit,Ballstad,Norway,67
Thibault Durand,Pont-en-Ogoz,Switzerland,68
Eduardo Roque,Villa Emiliano Zapata,Mexico,69
Arttu Tikkanen,Luvia,Finland,70
آیلین پارسا,همدان,Iran,71
Sarah Hill,Salford,United Kingdom,72
Ievfrosiniya Rudenko,Zaporizhzhya,Ukraine,73
Sophia Harper,Mallow,Ireland,74
Karl-Werner Brauner,Grabow,Germany,75
Zara White,Blenheim,New Zealand,76
Vaani Fernandes,Kolhapur,India,77
Lynn Dupuis,Saubraz,Switzerland,78
Maélie Lefebvre,Poitiers,France,79
Begoña Bravo,San Sebastián de Los Reyes,Spain,80
Beatriz Vergara,Colesio,Mexico,81
Sean Vriens,Anevelde,Netherlands,82
Marielle Gashi,Askgrenda,Norway,83
David Wilson,Porirua,New Zealand,84
Carlota Vela,Coyotitán,Mexico,85
Esther Rodriquez,Tamworth,Australia,86
Rick Gibson,Wollongong,Australia,87
Akseli Wirtanen,Hattula,Finland,88
Dhruv Prabhakaran,Kozhikode,India,89
Blaise Jean,Chavannes-le-Chêne,Switzerland,90
Sedef Çapanoğlu,Kars,Turkey,91
Aléxio Ribeiro,Santarém,Brazil,92
Ella Morrison,Daly City,United States,93
Roderich Buss,Bad Pyrmont,Germany,94
Oliver Christensen,Viby J.,Denmark,95
Conrado Cepeda,González Ortega,Mexico,96
Lada Šakić,Ruma,Serbia,97
Veronika Langguth,Oelsnitz/Vogtl.,Germany,98
Hans-Dietrich Wittek,Witten,Germany,99
Elisabetha Lecomte,Buttwil,Switzerland,100
Charan Rajesh,Rourkela,India,101
Alida Østensen,Våge,Norway,102
Eelis Haapala,Alajärvi,Finland,103
Martha Rhodes,Cashel,Ireland,104
Cathy Martinez,Ashbourne,Ireland,105
Ryan Louis,Saint-Étienne,France,106
Elias Kristensen,Randers Nø,Denmark,107
Hugo Duval,Saint-Pierre,France,108
Gabriel Gauthier,Chesterville,Canada,109
Carter Lavoie,Delisle,Canada,110
Matilda Harris,Upper Hutt,New Zealand,111
Atanasije Sakić,Ada,Serbia,112
Sofía Ballesteros,Taxco,Mexico,113
Rien Kingma,Hantumhuizen,Netherlands,114
Raúl Ortega,Palma de Mallorca,Spain,115
Justine Campbell,Lasalle,Canada,116
Tilde Olsen,Noerre Alslev,Denmark,117
Emilie Hansen,Billum,Denmark,118
Sara Howell,Ely,United Kingdom,119
Tatiana Robert,Lengnau (Be),Switzerland,120
Kelya Perez,Le Mans,France,121
Pranav Tipparti,Mau,India,122
Nawal Martinussen,Melhus,Norway,123
Andron Lisko,Shumsk,Ukraine,124
Jorin Zuijderwijk,Raamsdonk,Netherlands,125
Milica Perić,Kovačica,Serbia,126
Silas Christensen,Nr Åby,Denmark,127
Naja Poulsen,Haslev,Denmark,128
Phoebe Robinson,Napier,New Zealand,129
Samu Walli,Pelkosenniemi,Finland,130
Mia Green,Blenheim,New Zealand,131
Maddison Bowman,Exeter,United Kingdom,132
Romain Mercier,Dürnten,Switzerland,133
Gilbert Barrett,Geelong,Australia,134
Magnus Jensen,Roslev,Denmark,135
Sheila Austin,Port Macquarie,Australia,136
Cecilie Madsen,Randers Nv,Denmark,137
Sven Girard,Penthaz,Switzerland,138
Gabriella Pearson,Darwin,Australia,139
Pablo Fournier,Grenoble,France,140
Jimmie Johnston,Sunshine Coast,Australia,141
Estela Carmona,Xochistlahuaca,Mexico,142
Ava Knight,Notre Dame de Lourdes,Canada,143
Ritthy Morrison,Balbriggan,Ireland,144
Luis Holmgren,Vangsåsen,Norway,145
Jesús Rubio,Gandía,Spain,146
Alex Ray,Swansea,United Kingdom,147
Artemisa Malik,Vugledar,Ukraine,148
Carolina Romero,Talavera de la Reina,Spain,149
Cindy Jenkins,Rockhampton,Australia,150
Sham Nordhagen,Finnsnes,Norway,151
Lauren Vasquez,Armagh,United Kingdom,152
Arlene Sutton,Mildura,Australia,153
Silke Petersen,V.Skerninge,Denmark,154
Volkmar Küper,Münchenbernsdorf,Germany,155
Ilza Silveira,Indaiatuba,Brazil,156
Harper Cooper,Invercargill,New Zealand,157
Thomas Gill,Inverness,Canada,158
José Eduardo Naranjo,Saucillo,Mexico,159
Heidelore Hallmann,Gudensberg,Germany,160
Alfred Weaver,Truro,United Kingdom,161
Helmut Reetz,Schneeberg,Germany,162
Elli Toro,Hartola,Finland,163
Emily Lambert,Sallins,Ireland,164
Marcelino Castro,Cascavel,Brazil,165
Ryan Pearson,Lincoln,United Kingdom,166
Abel Nygaard,Askøy,Norway,167
Prithvi Sheikh,Ongole,India,168
Esma Gürmen,Giresun,Turkey,169
Kashif Van Roemburg,Spijkenisse,Netherlands,170
Bedete Porto,Campos dos Goytacazes,Brazil,171
Nalan Bademci,Şanlıurfa,Turkey,172
Alexander Moore,Nelson,New Zealand,173
Jon Jennings,Hobart,Australia,174
Abelardo Espinoza,Casa Blanca,Mexico,175
Esperanza Alonso,Fuenlabrada,Spain,176
Siril Bratvold,Vanse,Norway,177
Advaith Naik,Barasat,India,178
Amber Hunter,Palmdale,United States,179
Noa Lucas,Lyon,France,180
Constance Perkins,Adelaide,Australia,181
Zoe Brown,Youghal,Ireland,182
Marie Lambert,Stoke-on-Trent,United Kingdom,183
Emilia Casanova,Telchac Puerto,Mexico,184
Elsa Otnes,Nærland,Norway,185
Hugo Ibáñez,Pozuelo de Alarcón,Spain,186
Amanda Graves,Tralee,Ireland,187
Sara Christensen,Hornbæk,Denmark,188
Mathilde Riedl,Braunsbedra,Germany,189
Cooper Cooper,Gisborne,New Zealand,190
Okan Pekkan,Kastamonu,Turkey,191
Kupava Kossak,Lutugine,Ukraine,192
Stavros Schorn,Coswig (Anhalt),Germany,193
Silvia Arias,Torrente,Spain,194
Gagan Saha,Guntakal,India,195
Jamie Riley,Bathurst,Australia,196
Darsh Naik,Jabalpur,India,197
Suraksha Mardhekar,Machilipatnam,India,198
Claudio Voigt,Yerseke,Netherlands,199
Ross Holland,Bristol,United Kingdom,200
